<metadata><idinfo><citation><citeinfo><origin>Chiricahua National Monument</origin><pubdate>Unpublished Material</pubdate><title>Trails within Chiricahua National Monument Boundary, AZ</title><geoform>vector digital data</geoform><onlink>Server=165.83.20.156; Service=SDE:sqlserver:inpimdesgis; Database=CHIR; Version=dbo.DEFAULT</onlink></citeinfo></citation><descript><abstract>This is an ArcView line feature class of trails at Chiricahua National Monument, Arizona.</abstract><purpose>To show the trails within Chiricahua National Monument Boundary, AZ. The intended use of all data in a park's GIS library is to support diverse park activities including planning, management, maintenance, research, and interpretation.</purpose></descript><timeperd><current>2011</current><timeinfo><rngdates><begdate>1994</begdate><enddate>2011</enddate></rngdates></timeinfo></timeperd><status><progress>Complete</progress><update>As needed</update></status><spdom><bounding><westbc>-109.385423</westbc><eastbc>-109.306514</eastbc><northbc>32.030006</northbc><southbc>31.991438</southbc></bounding></spdom><keywords><theme><themekt>None</themekt><themekey>trails</themekey><themekey>Trail</themekey><themekey>CHIR</themekey><themekey>Paths</themekey><themekey>Hiking</themekey></theme><place><placekt>None</placekt><placekey>Arizona</placekey><placekey>Chiricahua National Monument</placekey><placekey>Cochise County</placekey><placekey>United States</placekey><placekey>National Park Service</placekey><placekey>NPS</placekey><placekey>USA</placekey><placekey>North America</placekey><placekey>CHIR</placekey></place></keywords><accconst>None</accconst><useconst>None</useconst><browse><browsen>chir_trails.jpg</browsen><browsed>Trails at Chiricahua National Monument</browsed><browset>JPEG</browset></browse><native>Microsoft Windows XP Version 5.1 (Build 2600) Service Pack 3; ESRI ArcCatalog 9.3.0.1770</native><secinfo><secsys>None</secsys><secclass>Unclassified</secclass></secinfo><ptcontac><cntinfo><cntorgp><cntorg>Chiricahua National Monument, National Park Service</cntorg></cntorgp><cntpos>Resource Management/GIS Specialist</cntpos><cntaddr><addrtype>mailing and physical address</addrtype><address>13063 E. Bonita Canyon RD</address><city>Willcox</city><state>AZ</state><postal>85643-9737</postal></cntaddr><cntvoice>(520) 824-3560</cntvoice></cntinfo></ptcontac></idinfo><dataqual><attracc><attraccr>Accuracy unknown</attraccr></attracc><logic>Analysis of this data set in a GIS environment revealed no duplicate features.</logic><complete>Completeness unknown</complete><posacc><horizpa><horizpar>Accuracy unknown</horizpar></horizpa></posacc><lineage><procstep><procdesc>Trail features were tablet digitized from USGS Topographic maps provided by the park.</procdesc><srcused>C:\DOCUME~1\jisham\LOCALS~1\Temp\xmlC2.tmp</srcused><procdate>1994</procdate><proctime>13552500</proctime></procstep><procstep><procdesc>Metadata imported.</procdesc><srcused>O:\CHIR0210\AllData\Trails\chir_trails</srcused><procdate>20100209</procdate><proctime>13570800</proctime></procstep><procstep><procdesc>Dataset moved.</procdesc><procdate>20100209</procdate><proctime>17125700</proctime></procstep><procstep><procdesc>Dataset copied.</procdesc><procdate>20100216</procdate></procstep><procstep><procdesc>Updated Metadata, Re-Projected from NAD 1927 to NAD 1983, Renamed File</procdesc><srcused/><procdate>02/2010</procdate><proctime>14095100</proctime></procstep><procstep><procdesc>Dataset copied.</procdesc><srcused>\\inpsoarfs1\gis\degayner_projects\Server Working Files\CHIR\CHIR0210\CHIR_SCRATCH.gdb</srcused><procdate>20100601</procdate><proctime>09305500</proctime></procstep><procstep><procdesc>Dataset copied.</procdesc><srcused>Server=165.83.20.156; Service=sde:sqlserver:inpimdesgis; Database=CHIR; Version=dbo.DEFAULT</srcused><procdate>20100603</procdate><proctime>15284100</proctime></procstep><procstep><procdesc>Dataset copied.</procdesc><srcused>Server=165.83.20.156; Service=SDE:sqlserver:inpimdesgis; Database=CHIR; Version=dbo.DEFAULT</srcused><procdate>20100607</procdate><proctime>11550700</proctime></procstep><procstep><procdesc>Dataset copied.</procdesc><srcused>\\inp1242imro0204\Online Mapping Data\InternalStagingArea\ArcServerData\CHIR.gdb</srcused><procdate>20100609</procdate><proctime>13171200</proctime></procstep><procstep><procdate>20100609</procdate><procdesc>Dataset copied.</procdesc></procstep><procstep><procdate>20110622</procdate><procdesc>Trail feature vertices edited with reference to GPS points and 2010 NAIP Aerial Imagery to correct severe positional errors present in the trails file.  GPS points were sourced from a trail feature inventory project conducted by ASU students from 2006-2009.</procdesc></procstep><procstep><procdate>20110622</procdate><procdesc>Uploaded to IMR SDE geodatabase.</procdesc></procstep></lineage></dataqual><spdoinfo><direct>Vector</direct><ptvctinf><esriterm Name="CHIR_Trails"><efeatyp Sync="TRUE">Simple</efeatyp><efeageom code="3" Sync="TRUE"></efeageom><esritopo Sync="TRUE">FALSE</esritopo><efeacnt Sync="TRUE">0</efeacnt><spindex Sync="TRUE">FALSE</spindex><linrefer Sync="TRUE">FALSE</linrefer></esriterm></ptvctinf></spdoinfo><spref><horizsys><geodetic><horizdn>D_WGS_1984</horizdn><ellips>WGS_1984</ellips><semiaxis>6378137.000000</semiaxis><denflat>298.257224</denflat></geodetic><planar><planci><plance>coordinate pair</plance><plandu>meters</plandu><coordrep><absres>0.000100</absres><ordres>0.000100</ordres></coordrep></planci></planar></horizsys><vertdef><altsys><altenc>Explicit elevation coordinate included with horizontal coordinates</altenc><altres>1.000000</altres></altsys></vertdef></spref><eainfo><detailed Name="CHIR_Trails"><enttyp><enttypl>CHIR_TRANS_Trails</enttypl><enttypt Sync="TRUE">Feature Class</enttypt><enttypc Sync="TRUE">0</enttypc></enttyp><attr><attrlabl Sync="TRUE">FID</attrlabl><attalias Sync="TRUE">FID</attalias><attrtype Sync="TRUE">OID</attrtype><attwidth Sync="TRUE">4</attwidth><atprecis Sync="TRUE">0</atprecis><attscale Sync="TRUE">0</attscale><attrdef Sync="TRUE">Internal feature number.</attrdef><attrdefs Sync="TRUE">Esri</attrdefs><attrdomv><udom Sync="TRUE">Sequential unique whole numbers that are automatically generated.</udom></attrdomv></attr><attr><attrlabl>Shape</attrlabl><attrdef>Feature geometry.</attrdef><attrdefs>ESRI</attrdefs><attrdomv><udom>Coordinates defining the features.</udom></attrdomv><attalias Sync="TRUE">Shape</attalias><attrtype Sync="TRUE">Geometry</attrtype><attwidth Sync="TRUE">0</attwidth><atprecis Sync="TRUE">0</atprecis><attscale Sync="TRUE">0</attscale></attr><attr><attrlabl>LENGTH</attrlabl><attalias Sync="TRUE">LENGTH</attalias><attrtype Sync="TRUE">Double</attrtype><attwidth Sync="TRUE">19</attwidth><atprecis Sync="TRUE">0</atprecis><attscale Sync="TRUE">0</attscale></attr><attr><attrlabl>TRAIL_</attrlabl><attalias Sync="TRUE">TRAIL_</attalias><attrtype Sync="TRUE">Double</attrtype><attwidth Sync="TRUE">19</attwidth><atprecis Sync="TRUE">0</atprecis><attscale Sync="TRUE">0</attscale></attr><attr><attrlabl>TRAIL_ID</attrlabl><attalias Sync="TRUE">TRAIL_ID</attalias><attrtype Sync="TRUE">Double</attrtype><attwidth Sync="TRUE">19</attwidth><atprecis Sync="TRUE">0</atprecis><attscale Sync="TRUE">0</attscale></attr><attr><attrlabl>Name</attrlabl><attalias Sync="TRUE">Name</attalias><attrtype Sync="TRUE">String</attrtype><attwidth Sync="TRUE">60</attwidth><atprecis Sync="TRUE">0</atprecis><attscale Sync="TRUE">0</attscale></attr><attr><attrlabl>Length_Mi</attrlabl><attalias Sync="TRUE">Length_Mi</attalias><attrtype Sync="TRUE">Double</attrtype><attwidth Sync="TRUE">19</attwidth><atprecis Sync="TRUE">0</atprecis><attscale Sync="TRUE">0</attscale></attr><attr><attrlabl Sync="TRUE">Shape_Leng</attrlabl><attalias Sync="TRUE">Shape_Leng</attalias><attrtype Sync="TRUE">Double</attrtype><attwidth Sync="TRUE">19</attwidth><atprecis Sync="TRUE">0</atprecis><attscale Sync="TRUE">0</attscale></attr></detailed><overview><eaover>The attributes for this shapefile are SHAPE, LENGTH, and TRAIL_ID.  SHAPE is a software generated attribute that notes the topological type of the feature.  LENGTH is a calculated attribute that provides the length, in meters, or each section of trail.  Trail_ID is an attribute that has a unique number, ranging from 0 to 32, for each trail section.</eaover></overview></eainfo><distinfo><resdesc>chir_fire.zip</resdesc><distliab>The National Park Service shall not be held liable for improper or incorrect use of the data described and/or contained herein. These data and related graphics, ( if available), are not legal documents and are not intended to be used as such. The information contained in these data is dynamic and may change over time. The data are not better than the original sources from which they were derived. It is the responsibility of the data user to use the data appropriately and consistent within the limitations of geospatial data in general and these data in particular. The related graphics are intended to aid the data user in acquiring relevant data; it is not appropriate to use the related graphics as data. The National Park Service gives no warranty, expressed or implied, as to the accuracy, reliability, or completeness of these data. It is strongly recommended that these data be directly acquired from an NPS server and not indirectly through other sources, which may have changed the data in some way. Although these data have been processed successfully on a computer system at the National Park Service, no warranty expressed or implied is made regarding the utility of the data on another system or for general or scientific purposes, nor shall the act of distribution constitute any such warranty. This disclaimer applies both to individual use of the data and aggregate use with other data.</distliab><stdorder><digform><digtinfo><formname>ArcView shapefile</formname><formvern>3.2</formvern><filedec>WinZip</filedec><transize>6kb</transize></digtinfo><digtopt><onlinopt><computer><networka><networkr>ftp.ncsu.edu/pub/unity/lockers/ftp/npsftp/pub/data/chir</networkr></networka></computer><accinstr>NPS GIS Clearinghouse at http://www.nps.gov/gis/available_data.htm</accinstr></onlinopt></digtopt></digform><fees>none</fees></stdorder><distrib><cntinfo><cntperp><cntorg>Intermountatin Region Geographic Resources Program</cntorg></cntperp><cntpos>GIS Coordinator</cntpos><cntaddr><addrtype>mailing and physical address</addrtype><address>12795 West Alameda Parkway</address><city>Lakewood</city><state>CO</state><postal>80228</postal></cntaddr><cntemail>imro_gis_coordinator@nps.gov</cntemail><cntinst>Please contact via email.</cntinst></cntinfo></distrib></distinfo><metainfo><metd>20110623</metd><metstdn>FGDC Content Standards for Digital Geospatial Metadata</metstdn><metstdv>FGDC-STD-001-1998</metstdv><mettc>local time</mettc><metc><cntinfo><cntperp><cntorg>NPS Southern Arizona Office</cntorg><cntper>Jacob DeGayner</cntper></cntperp><cntpos>Cartographic Technician</cntpos><cntaddr><addrtype>mailing and physical</addrtype><address>2120 N Central Ave # 120</address><city>Phoenix</city><state>AZ</state><postal>85032</postal></cntaddr><cntvoice>602.794.3824</cntvoice><cntfax>602.794.3835</cntfax><cntemail>jacob_degayner@nps.gov</cntemail><cntinst>Telephone or email</cntinst></cntinfo></metc></metainfo><dataIdInfo><envirDesc>Microsoft Windows Server 2008 R2 Version 6.1 (Build 7600) ; ESRI ArcGIS 10.0.2.3200</envirDesc><dataLang><languageCode value="eng" country="USA"/><countryCode value="USA" Sync="TRUE"></countryCode></dataLang><idCitation><resTitle>CHIR_TRANS_Trails</resTitle><presForm><PresFormCd value="005"/></presForm></idCitation><spatRpType><SpatRepTypCd value="001"/></spatRpType><dataExt><geoEle><GeoBndBox esriExtentType="search"><westBL>-109.385729</westBL><eastBL>-109.305930</eastBL><northBL>32.030464</northBL><southBL>31.991214</southBL><exTypeCode>1</exTypeCode></GeoBndBox></geoEle></dataExt><geoBox esriExtentType="decdegrees"><westBL>-109.385423</westBL><eastBL>-109.306514</eastBL><northBL>32.030006</northBL><southBL>31.991438</southBL><exTypeCode>1</exTypeCode></geoBox><descKeys><thesaName uuidref="723f6998-058e-11dc-8314-0800200c9a66"/><keyword>002</keyword></descKeys></dataIdInfo><mdLang><languageCode value="eng"/><countryCode value="USA" Sync="TRUE"></countryCode></mdLang><mdStanName>ISO 19115 Geographic Information - Metadata</mdStanName><mdStanVer>DIS_ESRI1.0</mdStanVer><mdChar><CharSetCd value="004"/></mdChar><mdHrLv><ScopeCd value="005"/></mdHrLv><mdHrLvName>dataset</mdHrLvName><distInfo><distributor><distorTran><onLineSrc><orDesc>002</orDesc><linkage>Server=165.83.20.156; Service=SDE:sqlserver:inpimdesgis; Database=CHIR; Version=dbo.DEFAULT</linkage><protocol>ArcSDE Connection</protocol></onLineSrc><transSize>0.010</transSize></distorTran><distorFormat><formatName>SDE Feature Class</formatName></distorFormat></distributor><distFormat><formatName>File Geodatabase Feature Class</formatName></distFormat><distTranOps><transSize Sync="TRUE">0.000</transSize></distTranOps></distInfo><refSysInfo><RefSystem><refSysID><identCode code="26912">WGS_1984_Web_Mercator_Auxiliary_Sphere</identCode><idCodeSpace>EPSG</idCodeSpace><idVersion>7.4.1</idVersion></refSysID></RefSystem></refSysInfo><spatRepInfo><VectSpatRep><geometObjs Name="CHIR_Trails"><geoObjTyp><GeoObjTypCd value="002" Sync="TRUE"></GeoObjTypCd></geoObjTyp><geoObjCnt Sync="TRUE">0</geoObjCnt></geometObjs><topLvl><TopoLevCd value="001" Sync="TRUE"></TopoLevCd></topLvl></VectSpatRep></spatRepInfo><mdDateSt>20110623</mdDateSt><Esri><CreaDate>20200110</CreaDate><CreaTime>15401800</CreaTime><ArcGISFormat>1.0</ArcGISFormat><ArcGISstyle>FGDC CSDGM Metadata</ArcGISstyle><SyncOnce>FALSE</SyncOnce><DataProperties><itemProps><itemLocation><linkage Sync="TRUE">file://\\DESKTOP-DA6K1CI\C$\Users\Alex\Dropbox\Privat\University of Arizona\SEM4_RNR 620 Working with R\Assignment_5\Shapefiles\CHIR_Trails.shp</linkage><protocol Sync="TRUE">Local Area Network</protocol></itemLocation><itemName Sync="TRUE">CHIR_Trails</itemName><imsContentType Sync="TRUE">002</imsContentType><itemSize Sync="TRUE">0.000</itemSize></itemProps><coordRef><type Sync="TRUE">Projected</type><geogcsn Sync="TRUE">GCS_WGS_1984</geogcsn><csUnits Sync="TRUE">Linear Unit: Meter (1.000000)</csUnits><projcsn Sync="TRUE">WGS_1984_Web_Mercator_Auxiliary_Sphere</projcsn><peXml Sync="TRUE">&lt;ProjectedCoordinateSystem xsi:type='typens:ProjectedCoordinateSystem' xmlns:xsi='http://www.w3.org/2001/XMLSchema-instance' xmlns:xs='http://www.w3.org/2001/XMLSchema' xmlns:typens='http://www.esri.com/schemas/ArcGIS/2.4.0'&gt;&lt;WKT&gt;PROJCS[&amp;quot;WGS_1984_Web_Mercator_Auxiliary_Sphere&amp;quot;,GEOGCS[&amp;quot;GCS_WGS_1984&amp;quot;,DATUM[&amp;quot;D_WGS_1984&amp;quot;,SPHEROID[&amp;quot;WGS_1984&amp;quot;,6378137.0,298.257223563]],PRIMEM[&amp;quot;Greenwich&amp;quot;,0.0],UNIT[&amp;quot;Degree&amp;quot;,0.0174532925199433]],PROJECTION[&amp;quot;Mercator_Auxiliary_Sphere&amp;quot;],PARAMETER[&amp;quot;False_Easting&amp;quot;,0.0],PARAMETER[&amp;quot;False_Northing&amp;quot;,0.0],PARAMETER[&amp;quot;Central_Meridian&amp;quot;,0.0],PARAMETER[&amp;quot;Standard_Parallel_1&amp;quot;,0.0],PARAMETER[&amp;quot;Auxiliary_Sphere_Type&amp;quot;,0.0],UNIT[&amp;quot;Meter&amp;quot;,1.0],AUTHORITY[&amp;quot;EPSG&amp;quot;,3857]]&lt;/WKT&gt;&lt;XOrigin&gt;-20037700&lt;/XOrigin&gt;&lt;YOrigin&gt;-30241100&lt;/YOrigin&gt;&lt;XYScale&gt;148923141.92838538&lt;/XYScale&gt;&lt;ZOrigin&gt;-100000&lt;/ZOrigin&gt;&lt;ZScale&gt;10000&lt;/ZScale&gt;&lt;MOrigin&gt;-100000&lt;/MOrigin&gt;&lt;MScale&gt;10000&lt;/MScale&gt;&lt;XYTolerance&gt;0.001&lt;/XYTolerance&gt;&lt;ZTolerance&gt;0.001&lt;/ZTolerance&gt;&lt;MTolerance&gt;0.001&lt;/MTolerance&gt;&lt;HighPrecision&gt;true&lt;/HighPrecision&gt;&lt;WKID&gt;102100&lt;/WKID&gt;&lt;LatestWKID&gt;3857&lt;/LatestWKID&gt;&lt;/ProjectedCoordinateSystem&gt;</peXml></coordRef><lineage><Process ToolSource="c:\program files (x86)\arcgis pro\Resources\ArcToolbox\toolboxes\Data Management Tools.tbx\CopyFeatures" Date="20200110" Time="204034">CopyFeatures I:\SODN\Geodatabase\SODN_Base.gdb\CHIR_TRANS_Trails "C:\Users\Alex\Dropbox\Privat\University of Arizona\THESIS\ArcGIS Pro\MyProject\SODN_Data.gdb\CHIR\CHIR_TRANS_Trails" # # # #</Process><Process ToolSource="c:\program files (x86)\arcgis pro\Resources\ArcToolbox\toolboxes\Data Management Tools.tbx\Rename" Date="20200110" Time="204147">Rename "C:\Users\Alex\Dropbox\Privat\University of Arizona\THESIS\ArcGIS Pro\MyProject\SODN_Data.gdb\CHIR\CHIR_TRANS_Trails" "C:\Users\Alex\Dropbox\Privat\University of Arizona\THESIS\ArcGIS Pro\MyProject\SODN_Data.gdb\CHIR\CHIR_Trails" FeatureClass</Process><Process ToolSource="c:\program files (x86)\arcgis pro\Resources\ArcToolbox\toolboxes\Data Management Tools.tbx\CopyFeatures" Date="20200505" Time="095947">CopyFeatures CHIR_Trails "C:\Users\Alex\Dropbox\Privat\University of Arizona\SEM4_RNR 620 Working with R\Assignment_5\Shapefiles\CHIR_Trails.shp" # # # #</Process></lineage></DataProperties><SyncDate>20200505</SyncDate><SyncTime>09594700</SyncTime><ModDate>20200505</ModDate><ModTime>09594700</ModTime></Esri></metadata>
