<metadata xml:lang="en"><Esri><CreaDate>20200117</CreaDate><CreaTime>20560900</CreaTime><ArcGISFormat>1.0</ArcGISFormat><SyncOnce>FALSE</SyncOnce><DataProperties><itemProps><itemName Sync="TRUE">CHIR_Boundary</itemName><imsContentType Sync="TRUE">002</imsContentType><itemLocation><linkage Sync="TRUE">file://\\DESKTOP-DA6K1CI\C$\Users\Alex\Dropbox\Privat\University of Arizona\SEM4_RNR 620 Working with R\Assignment_5\Shapefiles\CHIR_Boundary.shp</linkage><protocol Sync="TRUE">Local Area Network</protocol></itemLocation><itemSize Sync="TRUE">0.000</itemSize></itemProps><coordRef><type Sync="TRUE">Projected</type><geogcsn Sync="TRUE">GCS_WGS_1984</geogcsn><csUnits Sync="TRUE">Linear Unit: Meter (1.000000)</csUnits><peXml Sync="TRUE">&lt;ProjectedCoordinateSystem xsi:type='typens:ProjectedCoordinateSystem' xmlns:xsi='http://www.w3.org/2001/XMLSchema-instance' xmlns:xs='http://www.w3.org/2001/XMLSchema' xmlns:typens='http://www.esri.com/schemas/ArcGIS/2.4.0'&gt;&lt;WKT&gt;PROJCS[&amp;quot;WGS_1984_Web_Mercator_Auxiliary_Sphere&amp;quot;,GEOGCS[&amp;quot;GCS_WGS_1984&amp;quot;,DATUM[&amp;quot;D_WGS_1984&amp;quot;,SPHEROID[&amp;quot;WGS_1984&amp;quot;,6378137.0,298.257223563]],PRIMEM[&amp;quot;Greenwich&amp;quot;,0.0],UNIT[&amp;quot;Degree&amp;quot;,0.0174532925199433]],PROJECTION[&amp;quot;Mercator_Auxiliary_Sphere&amp;quot;],PARAMETER[&amp;quot;False_Easting&amp;quot;,0.0],PARAMETER[&amp;quot;False_Northing&amp;quot;,0.0],PARAMETER[&amp;quot;Central_Meridian&amp;quot;,0.0],PARAMETER[&amp;quot;Standard_Parallel_1&amp;quot;,0.0],PARAMETER[&amp;quot;Auxiliary_Sphere_Type&amp;quot;,0.0],UNIT[&amp;quot;Meter&amp;quot;,1.0],AUTHORITY[&amp;quot;EPSG&amp;quot;,3857]]&lt;/WKT&gt;&lt;XOrigin&gt;-20037700&lt;/XOrigin&gt;&lt;YOrigin&gt;-30241100&lt;/YOrigin&gt;&lt;XYScale&gt;148923141.92838538&lt;/XYScale&gt;&lt;ZOrigin&gt;-100000&lt;/ZOrigin&gt;&lt;ZScale&gt;10000&lt;/ZScale&gt;&lt;MOrigin&gt;-100000&lt;/MOrigin&gt;&lt;MScale&gt;10000&lt;/MScale&gt;&lt;XYTolerance&gt;0.001&lt;/XYTolerance&gt;&lt;ZTolerance&gt;0.001&lt;/ZTolerance&gt;&lt;MTolerance&gt;0.001&lt;/MTolerance&gt;&lt;HighPrecision&gt;true&lt;/HighPrecision&gt;&lt;WKID&gt;102100&lt;/WKID&gt;&lt;LatestWKID&gt;3857&lt;/LatestWKID&gt;&lt;/ProjectedCoordinateSystem&gt;</peXml><projcsn Sync="TRUE">WGS_1984_Web_Mercator_Auxiliary_Sphere</projcsn></coordRef><lineage><Process ToolSource="c:\program files (x86)\arcgis pro\Resources\ArcToolbox\toolboxes\Conversion Tools.tbx\FeatureClassToFeatureClass" Date="20200117" Time="205610">FeatureClassToFeatureClass SODN_ALL "C:\Users\Alex\Dropbox\Privat\University of Arizona\THESIS\ArcGIS Pro\MyProject\SODN_Data.gdb\BASE_DATA" SODN_ALL_BOUNDARIES # "OBJECTID "OBJECTID" true true false 4 Long 0 0,First,#,SODN_ALL,OBJECTID,-1,-1;AREA "AREA" true true false 4 Float 0 0,First,#,SODN_ALL,AREA,-1,-1;PERIMETER "PERIMETER" true true false 4 Float 0 0,First,#,SODN_ALL,PERIMETER,-1,-1;GICL_BOUND "GICL_BOUND" true true false 4 Long 0 0,First,#,SODN_ALL,GICL_BOUND,-1,-1;GICL_BOU_1 "GICL_BOU_1" true true false 4 Long 0 0,First,#,SODN_ALL,GICL_BOU_1,-1,-1;OBJECTID_overlay "OBJECTID_overlay" true true false 4 Long 0 0,First,#,SODN_ALL,OBJECTID_overlay,-1,-1;UNIT_CODE "UNIT_CODE" true true false 10485758 Text 0 0,First,#,SODN_ALL,UNIT_CODE,0,10485758;GIS_Notes "GIS_Notes" true true false 10485758 Text 0 0,First,#,SODN_ALL,GIS_Notes,0,10485758;UNIT_NAME "UNIT_NAME" true true false 10485758 Text 0 0,First,#,SODN_ALL,UNIT_NAME,0,10485758;DATE_EDIT "DATE_EDIT" true true false 8 Date 0 0,First,#,SODN_ALL,DATE_EDIT,-1,-1;STATE "STATE" true true false 10485758 Text 0 0,First,#,SODN_ALL,STATE,0,10485758;REGION "REGION" true true false 10485758 Text 0 0,First,#,SODN_ALL,REGION,0,10485758;GNIS_ID "GNIS_ID" true true false 10485758 Text 0 0,First,#,SODN_ALL,GNIS_ID,0,10485758;UNIT_TYPE "UNIT_TYPE" true true false 10485758 Text 0 0,First,#,SODN_ALL,UNIT_TYPE,0,10485758;CREATED_BY "CREATED_BY" true true false 10485758 Text 0 0,First,#,SODN_ALL,CREATED_BY,0,10485758;METADATA "METADATA" true true false 10485758 Text 0 0,First,#,SODN_ALL,METADATA,0,10485758;PARKNAME "PARKNAME" true true false 10485758 Text 0 0,First,#,SODN_ALL,PARKNAME,0,10485758;Shape_Length_overlay "Shape_Length_overlay" true true false 8 Double 0 0,First,#,SODN_ALL,Shape_Length_overlay,-1,-1;Shape_Area_overlay "Shape_Area_overlay" true true false 8 Double 0 0,First,#,SODN_ALL,Shape_Area_overlay,-1,-1;SHAPE_Length "SHAPE_Length" false true true 8 Double 0 0,First,#,SODN_ALL,SHAPE_Length,-1,-1;SHAPE_Area "SHAPE_Area" false true true 8 Double 0 0,First,#,SODN_ALL,SHAPE_Area,-1,-1" #</Process><Process ToolSource="c:\program files (x86)\arcgis pro\Resources\ArcToolbox\toolboxes\Data Management Tools.tbx\Rename" Date="20200117" Time="205642">Rename "C:\Users\Alex\Dropbox\Privat\University of Arizona\THESIS\ArcGIS Pro\MyProject\SODN_Data.gdb\BASE_DATA\SODN_ALL_BOUNDARIES" "C:\Users\Alex\Dropbox\Privat\University of Arizona\THESIS\ArcGIS Pro\MyProject\SODN_Data.gdb\BASE_DATA\SODN_Boundaries" FeatureClass</Process><Process ToolSource="c:\program files (x86)\arcgis pro\Resources\ArcToolbox\toolboxes\Data Management Tools.tbx\DeleteField" Date="20200414" Time="153534">DeleteField SODN_ALL_BOUNDARIES AREA</Process><Process ToolSource="c:\program files (x86)\arcgis pro\Resources\ArcToolbox\toolboxes\Data Management Tools.tbx\DeleteField" Date="20200414" Time="153543">DeleteField SODN_ALL_BOUNDARIES OBJECTID</Process><Process ToolSource="c:\program files (x86)\arcgis pro\Resources\ArcToolbox\toolboxes\Data Management Tools.tbx\DeleteField" Date="20200414" Time="153549">DeleteField SODN_ALL_BOUNDARIES GICL_BOU_1</Process><Process ToolSource="c:\program files (x86)\arcgis pro\Resources\ArcToolbox\toolboxes\Data Management Tools.tbx\DeleteField" Date="20200414" Time="153553">DeleteField SODN_ALL_BOUNDARIES GICL_BOUND</Process><Process ToolSource="c:\program files (x86)\arcgis pro\Resources\ArcToolbox\toolboxes\Data Management Tools.tbx\DeleteField" Date="20200414" Time="153558">DeleteField SODN_ALL_BOUNDARIES PERIMETER</Process><Process ToolSource="c:\program files (x86)\arcgis pro\Resources\ArcToolbox\toolboxes\Data Management Tools.tbx\DeleteField" Date="20200414" Time="153607">DeleteField SODN_ALL_BOUNDARIES OBJECTID_overlay</Process><Process ToolSource="c:\program files (x86)\arcgis pro\Resources\ArcToolbox\toolboxes\Data Management Tools.tbx\DeleteField" Date="20200414" Time="153613">DeleteField SODN_ALL_BOUNDARIES GIS_Notes</Process><Process ToolSource="c:\program files (x86)\arcgis pro\Resources\ArcToolbox\toolboxes\Data Management Tools.tbx\DeleteField" Date="20200414" Time="153653">DeleteField SODN_ALL_BOUNDARIES GNIS_ID</Process><Process ToolSource="c:\program files (x86)\arcgis pro\Resources\ArcToolbox\toolboxes\Conversion Tools.tbx\FeatureClassToFeatureClass" Date="20200414" Time="161927">FeatureClassToFeatureClass "C:\Users\Alex\Dropbox\Privat\University of Arizona\THESIS\ArcGIS Pro\MyProject\SODN_Data.gdb\BASE_DATA\SODN_Boundaries" "C:\Users\Alex\Dropbox\Privat\University of Arizona\THESIS\ArcGIS Pro\MyProject\SODN_Data.gdb\CHIR" CHIR_Boundary "UNIT_CODE = 'CHIR'" "UNIT_CODE "UNIT_CODE" true true false 10485758 Text 0 0,First,#,C:\Users\Alex\Dropbox\Privat\University of Arizona\THESIS\ArcGIS Pro\MyProject\SODN_Data.gdb\BASE_DATA\SODN_Boundaries,UNIT_CODE,0,10485758;UNIT_NAME "UNIT_NAME" true true false 10485758 Text 0 0,First,#,C:\Users\Alex\Dropbox\Privat\University of Arizona\THESIS\ArcGIS Pro\MyProject\SODN_Data.gdb\BASE_DATA\SODN_Boundaries,UNIT_NAME,0,10485758;DATE_EDIT "DATE_EDIT" true true false 8 Date 0 0,First,#,C:\Users\Alex\Dropbox\Privat\University of Arizona\THESIS\ArcGIS Pro\MyProject\SODN_Data.gdb\BASE_DATA\SODN_Boundaries,DATE_EDIT,-1,-1;STATE "STATE" true true false 10485758 Text 0 0,First,#,C:\Users\Alex\Dropbox\Privat\University of Arizona\THESIS\ArcGIS Pro\MyProject\SODN_Data.gdb\BASE_DATA\SODN_Boundaries,STATE,0,10485758;REGION "REGION" true true false 10485758 Text 0 0,First,#,C:\Users\Alex\Dropbox\Privat\University of Arizona\THESIS\ArcGIS Pro\MyProject\SODN_Data.gdb\BASE_DATA\SODN_Boundaries,REGION,0,10485758;UNIT_TYPE "UNIT_TYPE" true true false 10485758 Text 0 0,First,#,C:\Users\Alex\Dropbox\Privat\University of Arizona\THESIS\ArcGIS Pro\MyProject\SODN_Data.gdb\BASE_DATA\SODN_Boundaries,UNIT_TYPE,0,10485758;CREATED_BY "CREATED_BY" true true false 10485758 Text 0 0,First,#,C:\Users\Alex\Dropbox\Privat\University of Arizona\THESIS\ArcGIS Pro\MyProject\SODN_Data.gdb\BASE_DATA\SODN_Boundaries,CREATED_BY,0,10485758;METADATA "METADATA" true true false 10485758 Text 0 0,First,#,C:\Users\Alex\Dropbox\Privat\University of Arizona\THESIS\ArcGIS Pro\MyProject\SODN_Data.gdb\BASE_DATA\SODN_Boundaries,METADATA,0,10485758;PARKNAME "PARKNAME" true true false 10485758 Text 0 0,First,#,C:\Users\Alex\Dropbox\Privat\University of Arizona\THESIS\ArcGIS Pro\MyProject\SODN_Data.gdb\BASE_DATA\SODN_Boundaries,PARKNAME,0,10485758;Shape_Length_overlay "Shape_Length_overlay" true true false 8 Double 0 0,First,#,C:\Users\Alex\Dropbox\Privat\University of Arizona\THESIS\ArcGIS Pro\MyProject\SODN_Data.gdb\BASE_DATA\SODN_Boundaries,Shape_Length_overlay,-1,-1;Shape_Area_overlay "Shape_Area_overlay" true true false 8 Double 0 0,First,#,C:\Users\Alex\Dropbox\Privat\University of Arizona\THESIS\ArcGIS Pro\MyProject\SODN_Data.gdb\BASE_DATA\SODN_Boundaries,Shape_Area_overlay,-1,-1;Shape_Length "Shape_Length" false true true 8 Double 0 0,First,#,C:\Users\Alex\Dropbox\Privat\University of Arizona\THESIS\ArcGIS Pro\MyProject\SODN_Data.gdb\BASE_DATA\SODN_Boundaries,Shape_Length,-1,-1;Shape_Area "Shape_Area" false true true 8 Double 0 0,First,#,C:\Users\Alex\Dropbox\Privat\University of Arizona\THESIS\ArcGIS Pro\MyProject\SODN_Data.gdb\BASE_DATA\SODN_Boundaries,Shape_Area,-1,-1" #</Process><Process ToolSource="c:\program files (x86)\arcgis pro\Resources\ArcToolbox\toolboxes\Data Management Tools.tbx\CopyFeatures" Date="20200505" Time="094610">CopyFeatures "C:\Users\Alex\Dropbox\Privat\University of Arizona\THESIS\ArcGIS Pro\MyProject\SODN_Data.gdb\CHIR\CHIR_Boundary" "C:\Users\Alex\Dropbox\Privat\University of Arizona\SEM4_RNR 620 Working with R\Assignment_5\RNR_620.gdb\CHIR_Boundary" # # # #</Process><Process ToolSource="c:\program files (x86)\arcgis pro\Resources\ArcToolbox\toolboxes\Data Management Tools.tbx\CopyFeatures" Date="20200505" Time="095946">CopyFeatures "C:\Users\Alex\Dropbox\Privat\University of Arizona\SEM4_RNR 620 Working with R\Assignment_5\RNR_620.gdb\CHIR_Boundary" "C:\Users\Alex\Dropbox\Privat\University of Arizona\SEM4_RNR 620 Working with R\Assignment_5\Shapefiles\CHIR_Boundary.shp" # # # #</Process></lineage></DataProperties><SyncDate>20200505</SyncDate><SyncTime>09594600</SyncTime><ModDate>20200505</ModDate><ModTime>09594600</ModTime></Esri><dataIdInfo><envirDesc Sync="TRUE">Microsoft Windows 10 Version 10.0 (Build 18363) ; Esri ArcGIS 12.4.0.19948</envirDesc><dataLang><languageCode value="eng" Sync="TRUE"></languageCode><countryCode value="USA" Sync="TRUE"></countryCode></dataLang><idCitation><resTitle Sync="TRUE">CHIR_Boundary</resTitle><presForm><PresFormCd value="005" Sync="TRUE"></PresFormCd></presForm></idCitation><spatRpType><SpatRepTypCd value="001" Sync="TRUE"></SpatRepTypCd></spatRpType></dataIdInfo><mdLang><languageCode value="eng" Sync="TRUE"></languageCode><countryCode value="USA" Sync="TRUE"></countryCode></mdLang><distInfo><distFormat><formatName Sync="TRUE">Shapefile</formatName></distFormat><distTranOps><transSize Sync="TRUE">0.000</transSize></distTranOps></distInfo><mdHrLv><ScopeCd value="005" Sync="TRUE"></ScopeCd></mdHrLv><mdHrLvName Sync="TRUE">dataset</mdHrLvName><refSysInfo><RefSystem><refSysID><identCode code="3857" Sync="TRUE"></identCode><idCodeSpace Sync="TRUE">EPSG</idCodeSpace><idVersion Sync="TRUE">8.8(9.3.1.2)</idVersion></refSysID></RefSystem></refSysInfo><spatRepInfo><VectSpatRep><geometObjs Name="CHIR_Boundary"><geoObjTyp><GeoObjTypCd value="002" Sync="TRUE"></GeoObjTypCd></geoObjTyp><geoObjCnt Sync="TRUE">0</geoObjCnt></geometObjs><topLvl><TopoLevCd value="001" Sync="TRUE"></TopoLevCd></topLvl></VectSpatRep></spatRepInfo><spdoinfo><ptvctinf><esriterm Name="CHIR_Boundary"><efeatyp Sync="TRUE">Simple</efeatyp><efeageom code="4" Sync="TRUE"></efeageom><esritopo Sync="TRUE">FALSE</esritopo><efeacnt Sync="TRUE">0</efeacnt><spindex Sync="TRUE">FALSE</spindex><linrefer Sync="TRUE">FALSE</linrefer></esriterm></ptvctinf></spdoinfo><eainfo><detailed Name="CHIR_Boundary"><enttyp><enttypl Sync="TRUE">CHIR_Boundary</enttypl><enttypt Sync="TRUE">Feature Class</enttypt><enttypc Sync="TRUE">0</enttypc></enttyp><attr><attrlabl Sync="TRUE">FID</attrlabl><attalias Sync="TRUE">FID</attalias><attrtype Sync="TRUE">OID</attrtype><attwidth Sync="TRUE">4</attwidth><atprecis Sync="TRUE">0</atprecis><attscale Sync="TRUE">0</attscale><attrdef Sync="TRUE">Internal feature number.</attrdef><attrdefs Sync="TRUE">Esri</attrdefs><attrdomv><udom Sync="TRUE">Sequential unique whole numbers that are automatically generated.</udom></attrdomv></attr><attr><attrlabl Sync="TRUE">Shape</attrlabl><attalias Sync="TRUE">Shape</attalias><attrtype Sync="TRUE">Geometry</attrtype><attwidth Sync="TRUE">0</attwidth><atprecis Sync="TRUE">0</atprecis><attscale Sync="TRUE">0</attscale><attrdef Sync="TRUE">Feature geometry.</attrdef><attrdefs Sync="TRUE">Esri</attrdefs><attrdomv><udom Sync="TRUE">Coordinates defining the features.</udom></attrdomv></attr><attr><attrlabl Sync="TRUE">UNIT_CODE</attrlabl><attalias Sync="TRUE">UNIT_CODE</attalias><attrtype Sync="TRUE">String</attrtype><attwidth Sync="TRUE">254</attwidth><atprecis Sync="TRUE">0</atprecis><attscale Sync="TRUE">0</attscale></attr><attr><attrlabl Sync="TRUE">UNIT_NAME</attrlabl><attalias Sync="TRUE">UNIT_NAME</attalias><attrtype Sync="TRUE">String</attrtype><attwidth Sync="TRUE">254</attwidth><atprecis Sync="TRUE">0</atprecis><attscale Sync="TRUE">0</attscale></attr><attr><attrlabl Sync="TRUE">DATE_EDIT</attrlabl><attalias Sync="TRUE">DATE_EDIT</attalias><attrtype Sync="TRUE">Date</attrtype><attwidth Sync="TRUE">8</attwidth><atprecis Sync="TRUE">0</atprecis><attscale Sync="TRUE">0</attscale></attr><attr><attrlabl Sync="TRUE">STATE</attrlabl><attalias Sync="TRUE">STATE</attalias><attrtype Sync="TRUE">String</attrtype><attwidth Sync="TRUE">254</attwidth><atprecis Sync="TRUE">0</atprecis><attscale Sync="TRUE">0</attscale></attr><attr><attrlabl Sync="TRUE">REGION</attrlabl><attalias Sync="TRUE">REGION</attalias><attrtype Sync="TRUE">String</attrtype><attwidth Sync="TRUE">254</attwidth><atprecis Sync="TRUE">0</atprecis><attscale Sync="TRUE">0</attscale></attr><attr><attrlabl Sync="TRUE">UNIT_TYPE</attrlabl><attalias Sync="TRUE">UNIT_TYPE</attalias><attrtype Sync="TRUE">String</attrtype><attwidth Sync="TRUE">254</attwidth><atprecis Sync="TRUE">0</atprecis><attscale Sync="TRUE">0</attscale></attr><attr><attrlabl Sync="TRUE">CREATED_BY</attrlabl><attalias Sync="TRUE">CREATED_BY</attalias><attrtype Sync="TRUE">String</attrtype><attwidth Sync="TRUE">254</attwidth><atprecis Sync="TRUE">0</atprecis><attscale Sync="TRUE">0</attscale></attr><attr><attrlabl Sync="TRUE">METADATA</attrlabl><attalias Sync="TRUE">METADATA</attalias><attrtype Sync="TRUE">String</attrtype><attwidth Sync="TRUE">254</attwidth><atprecis Sync="TRUE">0</atprecis><attscale Sync="TRUE">0</attscale></attr><attr><attrlabl Sync="TRUE">PARKNAME</attrlabl><attalias Sync="TRUE">PARKNAME</attalias><attrtype Sync="TRUE">String</attrtype><attwidth Sync="TRUE">254</attwidth><atprecis Sync="TRUE">0</atprecis><attscale Sync="TRUE">0</attscale></attr><attr><attrlabl Sync="TRUE">Shape_Leng</attrlabl><attalias Sync="TRUE">Shape_Leng</attalias><attrtype Sync="TRUE">Double</attrtype><attwidth Sync="TRUE">19</attwidth><atprecis Sync="TRUE">0</atprecis><attscale Sync="TRUE">0</attscale></attr><attr><attrlabl Sync="TRUE">Shape_Area</attrlabl><attalias Sync="TRUE">Shape_Area</attalias><attrtype Sync="TRUE">Double</attrtype><attwidth Sync="TRUE">19</attwidth><atprecis Sync="TRUE">0</atprecis><attscale Sync="TRUE">0</attscale><attrdef Sync="TRUE">Area of feature in internal units squared.</attrdef><attrdefs Sync="TRUE">Esri</attrdefs><attrdomv><udom Sync="TRUE">Positive real numbers that are automatically generated.</udom></attrdomv></attr><attr><attrlabl Sync="TRUE">Shape_Le_1</attrlabl><attalias Sync="TRUE">Shape_Le_1</attalias><attrtype Sync="TRUE">Double</attrtype><attwidth Sync="TRUE">19</attwidth><atprecis Sync="TRUE">0</atprecis><attscale Sync="TRUE">0</attscale></attr><attr><attrlabl Sync="TRUE">Shape_Ar_1</attrlabl><attalias Sync="TRUE">Shape_Ar_1</attalias><attrtype Sync="TRUE">Double</attrtype><attwidth Sync="TRUE">19</attwidth><atprecis Sync="TRUE">0</atprecis><attscale Sync="TRUE">0</attscale></attr></detailed></eainfo><mdDateSt Sync="TRUE">20200505</mdDateSt></metadata>
