<metadata><idinfo><citation><citeinfo><origin>Chiricahua National Monument</origin><pubdate>Unpublished Material</pubdate><title>Roads in and around Chiricahua National Monument, AZ</title><geoform Sync="TRUE">vector digital data</geoform><ftname Sync="TRUE">CHIR.DBO.CHIR_Trans_Roads</ftname><onlink Sync="TRUE">Server=165.83.20.156; Service=SDE:sqlserver:inpimdesgis; Database=CHIR; Version=dbo.DEFAULT</onlink></citeinfo></citation><descript><abstract>This is an ArcView line shapefile of the roads within Chiricahua National Monument, Arizona.</abstract><purpose>To show roads inside and surrounding Chiricahua National Monument, AZ. The intended use of all data in a park's GIS library is to support diverse park activities including planning, management, maintenance, research, and interpretation.</purpose><langdata Sync="TRUE">en</langdata></descript><timeperd><timeinfo><sngdate><caldate>unknown</caldate></sngdate></timeinfo><current>1994</current></timeperd><status><progress>Complete</progress><update>As needed</update></status><spdom><bounding><westbc>-109.3878</westbc><eastbc>-109.2999</eastbc><northbc>32.0599</northbc><southbc>31.9658</southbc></bounding><lboundng><leftbc Sync="TRUE">-12177969.883300</leftbc><rightbc Sync="TRUE">-12166120.875800</rightbc><bottombc Sync="TRUE">3758875.889800</bottombc><topbc Sync="TRUE">3772178.472200</topbc></lboundng></spdom><keywords><theme><themekt>None</themekt><themekey>roads</themekey><themekey>highways</themekey></theme><place><placekt>None</placekt><placekey>Chiricahua National Monument</placekey><placekey>National Park Service</placekey><placekey>NPS</placekey><placekey>Cochise County</placekey><placekey>Arizona</placekey><placekey>United States</placekey><placekey>USA</placekey><placekey>North America</placekey></place></keywords><accconst>None</accconst><useconst>None</useconst><ptcontac><cntinfo><cntorgp><cntorg>National Park Service, Intermountain Geographic Resource Program</cntorg></cntorgp><cntpos>GIS Coordinator/GIS Specialist</cntpos><cntaddr><addrtype>mailing and physical address</addrtype><address>12795 W. Alameda Parkway</address><city>Lakewood</city><state>CO</state><postal>80228</postal><country>U.S.</country></cntaddr><cntemail>imro_gis_coordinator@nps.gov</cntemail><hours>8:00 a.m. to 4:00 p.m. MST, Monday through Friday</hours><cntinst>Please contact through email.</cntinst></cntinfo></ptcontac><browse><browsen>chir_roads.jpg</browsen><browsed>Roads within Chiricahua National Monument</browsed><browset>JPEG</browset></browse><native Sync="TRUE">Microsoft Windows XP Version 5.1 (Build 2600) Service Pack 3; ESRI ArcCatalog 9.3.0.1770</native><natvform Sync="TRUE">SDE Feature Class</natvform></idinfo><dataqual><attracc><attraccr>Accuracy unknown</attraccr></attracc><logic>Analysis of this data set in a GIS environment revealed no duplicate features.</logic><complete>Completeness unknown</complete><posacc><horizpa><horizpar>Accuracy unknown</horizpar></horizpa></posacc><lineage><procstep><procdesc>The road features were tablet digitized from USGS Topographic maps provided by the park.</procdesc><procdate>Unknown</procdate></procstep><procstep><procdesc Sync="TRUE">Metadata imported.</procdesc><srcused Sync="TRUE">C:\DOCUME~1\jisham\LOCALS~1\Temp\xml715.tmp</srcused><procdate Sync="TRUE">20100224</procdate><proctime Sync="TRUE">14454500</proctime></procstep><procstep><procdesc Sync="TRUE">Dataset copied.</procdesc><procdate Sync="TRUE">20100224</procdate><proctime Sync="TRUE">14465400</proctime></procstep><procstep><procdesc>Downloaded from NPS Data Store, Defined projection as NAD 1927, Re-Projected into NAD 1983, Rename File, Archived Original File</procdesc><procsv>9.3</procsv><procdate>02/2010</procdate></procstep><procstep><procdesc Sync="TRUE">Dataset copied.</procdesc><srcused Sync="TRUE"/><procdate Sync="TRUE">20100601</procdate><proctime Sync="TRUE">14095600</proctime></procstep><procstep><procdesc Sync="TRUE">Dataset copied.</procdesc><srcused Sync="TRUE">\\inpsoarfs1\gis\degayner_projects\Server Working Files\CHIR\CHIR0210\CHIR_SCRATCH.gdb</srcused><procdate Sync="TRUE">20100603</procdate><proctime Sync="TRUE">09291300</proctime></procstep><procstep><procdesc Sync="TRUE">Dataset copied.</procdesc><srcused Sync="TRUE">Server=165.83.20.156; Service=sde:sqlserver:inpimdesgis; Database=CHIR; Version=dbo.DEFAULT</srcused><procdate Sync="TRUE">20100607</procdate><proctime Sync="TRUE">15283900</proctime></procstep><procstep><procdesc Sync="TRUE">Dataset copied.</procdesc><srcused Sync="TRUE">Server=165.83.20.156; Service=SDE:sqlserver:inpimdesgis; Database=CHIR; Version=dbo.DEFAULT</srcused><procdate Sync="TRUE">20100609</procdate><proctime Sync="TRUE">11534000</proctime></procstep><procstep><procdesc Sync="TRUE">Dataset copied.</procdesc><srcused Sync="TRUE">\\inp1242imro0204\Online Mapping Data\InternalStagingArea\ArcServerData\CHIR.gdb</srcused><procdate Sync="TRUE">20100609</procdate><proctime Sync="TRUE">13171000</proctime></procstep></lineage></dataqual><spdoinfo><direct Sync="TRUE">Vector</direct><ptvctinf><esriterm Name="CHIR_Roads_Park"><efeatyp Sync="TRUE">Simple</efeatyp><efeageom code="3" Sync="TRUE"></efeageom><esritopo Sync="TRUE">FALSE</esritopo><efeacnt Sync="TRUE">0</efeacnt><spindex Sync="TRUE">FALSE</spindex><linrefer Sync="TRUE">FALSE</linrefer></esriterm></ptvctinf></spdoinfo><spref><horizsys><geodetic><horizdn>North American Datum of 1927</horizdn><ellips>Clarke 1866</ellips><semiaxis>6378206.4</semiaxis><denflat>294.98</denflat></geodetic><cordsysn><geogcsn Sync="TRUE">GCS_WGS_1984</geogcsn><projcsn Sync="TRUE">WGS_1984_Web_Mercator_Auxiliary_Sphere</projcsn></cordsysn><planar><planci><plance Sync="TRUE">coordinate pair</plance><plandu Sync="TRUE">meters</plandu><coordrep><absres Sync="TRUE">0.000100</absres><ordres Sync="TRUE">0.000100</ordres></coordrep></planci></planar></horizsys><vertdef><altsys><altenc Sync="TRUE">Explicit elevation coordinate included with horizontal coordinates</altenc><altres Sync="TRUE">1.000000</altres></altsys></vertdef></spref><eainfo><overview><eaover>The attributes for this shapefile are SHAPE, LENGTH, ROAD_, and ROAD_ID.  The features in this shapefile represents the location of the roads within the monument.  SHAPE is a software generated attribute that notes the topological type of the feature. LENGTH is a string attribute that notes the length of the feature in meters. ROAD_ is a software generated individual identifier of each feature. ROAD_ID is an assigned numeric identifier of each feature.</eaover><eadetcit>none</eadetcit></overview><detailed Name="CHIR_Roads_Park"><enttyp><enttypl Sync="TRUE">CHIR_Roads_Park</enttypl><enttypt Sync="TRUE">Feature Class</enttypt><enttypc Sync="TRUE">0</enttypc></enttyp><attr><attrlabl Sync="TRUE">FID</attrlabl><attalias Sync="TRUE">FID</attalias><attrtype Sync="TRUE">OID</attrtype><attwidth Sync="TRUE">4</attwidth><atprecis Sync="TRUE">0</atprecis><attscale Sync="TRUE">0</attscale><attrdef Sync="TRUE">Internal feature number.</attrdef><attrdefs Sync="TRUE">Esri</attrdefs><attrdomv><udom Sync="TRUE">Sequential unique whole numbers that are automatically generated.</udom></attrdomv></attr><attr><attrlabl Sync="TRUE">Shape</attrlabl><attalias Sync="TRUE">Shape</attalias><attrtype Sync="TRUE">Geometry</attrtype><attwidth Sync="TRUE">0</attwidth><atprecis Sync="TRUE">0</atprecis><attscale Sync="TRUE">0</attscale><attrdef Sync="TRUE">Feature geometry.</attrdef><attrdefs Sync="TRUE">ESRI</attrdefs><attrdomv><udom Sync="TRUE">Coordinates defining the features.</udom></attrdomv></attr><attr><attrlabl Sync="TRUE">LENGTH</attrlabl><attalias Sync="TRUE">LENGTH</attalias><attrtype Sync="TRUE">Double</attrtype><attwidth Sync="TRUE">19</attwidth><atprecis Sync="TRUE">0</atprecis><attscale Sync="TRUE">0</attscale></attr><attr><attrlabl Sync="TRUE">ROAD_</attrlabl><attalias Sync="TRUE">ROAD_</attalias><attrtype Sync="TRUE">Double</attrtype><attwidth Sync="TRUE">19</attwidth><atprecis Sync="TRUE">0</atprecis><attscale Sync="TRUE">0</attscale></attr><attr><attrlabl Sync="TRUE">ROAD_ID</attrlabl><attalias Sync="TRUE">ROAD_ID</attalias><attrtype Sync="TRUE">Double</attrtype><attwidth Sync="TRUE">19</attwidth><atprecis Sync="TRUE">0</atprecis><attscale Sync="TRUE">0</attscale></attr><attr><attrlabl Sync="TRUE">Shape_Leng</attrlabl><attalias Sync="TRUE">Shape_Leng</attalias><attrtype Sync="TRUE">Double</attrtype><attwidth Sync="TRUE">19</attwidth><atprecis Sync="TRUE">0</atprecis><attscale Sync="TRUE">0</attscale></attr></detailed></eainfo><distinfo><distrib><cntinfo><cntperp><cntper>Bill Slocumb</cntper><cntorg>North Carolina State University</cntorg></cntperp><cntpos>Research Associate/GIS Specialist</cntpos><cntaddr><addrtype>mailing and physical address</addrtype><address>5112 Jordan Hall</address><city>Raleigh</city><state>North Carolina</state><postal>27695</postal><country>USA</country></cntaddr><cntvoice>919-515-3432</cntvoice><hours>8:00 a.m. to 4:00 p.m. EST Monday through Friday</hours></cntinfo></distrib><resdesc>chir_road.zip</resdesc><distliab>The National Park Service shall not be held liable for improper or incorrect use of the data described and/or contained herein. These data and related graphics, ( if available), are not legal documents and are not intended to be used as such. The information contained in these data is dynamic and may change over time. The data are not better than the original sources from which they were derived. It is the responsibility of the data user to use the data appropriately and consistent within the limitations of geospatial data in general and these data in particular. The related graphics are intended to aid the data user in acquiring relevant data; it is not appropriate to use the related graphics as data. The National Park Service gives no warranty, expressed or implied, as to the accuracy, reliability, or completeness of these data. It is strongly recommended that these data be directly acquired from an NPS server and not indirectly through other sources, which may have changed the data in some way. Although these data have been processed successfully on a computer system at the National Park Service, no warranty expressed or implied is made regarding the utility of the data on another system or for general or scientific purposes, nor shall the act of distribution constitute any such warranty. This disclaimer applies both to individual use of the data and aggregate use with other data.</distliab><stdorder><digform><digtinfo><formname>ArcView shapefile</formname><formvern>3.2</formvern><filedec>WinZip</filedec><transize>11kb</transize><dssize Sync="TRUE">0.028</dssize></digtinfo><digtopt><onlinopt><computer><networka><networkr>ftp.ncsu.edu/pub/unity/lockers/ftp/npsftp/pub/data/chir</networkr></networka></computer><accinstr>NPS GIS Clearinghouse at http://www.nps.gov/gis/available_data.htm</accinstr></onlinopt></digtopt></digform><fees>none</fees></stdorder></distinfo><metainfo><metd Sync="TRUE">20100730</metd><metc><cntinfo><cntperp><cntper>Chris Black</cntper><cntorg>NPS WACC</cntorg></cntperp><cntpos>GIS Technician</cntpos><cntaddr><addrtype>mailing and physical address</addrtype><address>1415 N 6th Ave</address><city>Tucson</city><state>AZ</state><postal>85705</postal><country>U.S.</country></cntaddr><cntvoice>(520) 670-6501</cntvoice><cntemail>chris_black@nps.gov</cntemail><hours>M-F 8:00-4:00 (Mountain Time)</hours></cntinfo></metc><metstdn Sync="TRUE">FGDC Content Standards for Digital Geospatial Metadata</metstdn><metstdv Sync="TRUE">FGDC-STD-001-1998</metstdv><mettc Sync="TRUE">local time</mettc><langmeta Sync="TRUE">en</langmeta></metainfo><Esri><CreaDate>20200110</CreaDate><CreaTime>15404300</CreaTime><SyncOnce>FALSE</SyncOnce><SyncDate>20200505</SyncDate><SyncTime>09594600</SyncTime><ModDate>20200505</ModDate><ModTime>09594600</ModTime><DataProperties><lineage><Process ToolSource="C:\ArcGIS\ArcToolbox\Toolboxes\Data Management Tools.tbx\DefineProjection" Date="20100224" Time="144618">DefineProjection O:\CHIR0210\FinalizedData\CHIR\Data\Facility_Management\Transportation\CHIRParkRoads\chir_roads.shp PROJCS['NAD_1927_UTM_Zone_12N',GEOGCS['GCS_North_American_1927',DATUM['D_North_American_1927',SPHEROID['Clarke_1866',6378206.4,294.9786982]],PRIMEM['Greenwich',0.0],UNIT['Degree',0.0174532925199433]],PROJECTION['Transverse_Mercator'],PARAMETER['False_Easting',500000.0],PARAMETER['False_Northing',0.0],PARAMETER['Central_Meridian',-111.0],PARAMETER['Scale_Factor',0.9996],PARAMETER['Latitude_Of_Origin',0.0],UNIT['Meter',1.0]] O:\CHIR0210\FinalizedData\CHIR\Data\Facility_Management\Transportation\CHIRParkRoads\chir_roads.shp</Process><Process ToolSource="C:\ArcGIS\ArcToolbox\Toolboxes\Data Management Tools.tbx\Project" Date="20100224" Time="144654">Project O:\CHIR0210\FinalizedData\CHIR\Data\Facility_Management\Transportation\CHIRParkRoads\chir_roads.shp O:\CHIR0210\FinalizedData\CHIR\Data\Facility_Management\Transportation\CHIRParkRoads\chir_roads_Project.shp PROJCS['NAD_1983_UTM_Zone_12N',GEOGCS['GCS_North_American_1983',DATUM['D_North_American_1983',SPHEROID['GRS_1980',6378137.0,298.257222101]],PRIMEM['Greenwich',0.0],UNIT['Degree',0.0174532925199433]],PROJECTION['Transverse_Mercator'],PARAMETER['False_Easting',500000.0],PARAMETER['False_Northing',0.0],PARAMETER['Central_Meridian',-111.0],PARAMETER['Scale_Factor',0.9996],PARAMETER['Latitude_Of_Origin',0.0],UNIT['Meter',1.0]] NAD_1927_To_NAD_1983_NADCON PROJCS['NAD_1927_UTM_Zone_12N',GEOGCS['GCS_North_American_1927',DATUM['D_North_American_1927',SPHEROID['Clarke_1866',6378206.4,294.9786982]],PRIMEM['Greenwich',0.0],UNIT['Degree',0.0174532925199433]],PROJECTION['Transverse_Mercator'],PARAMETER['False_Easting',500000.0],PARAMETER['False_Northing',0.0],PARAMETER['Central_Meridian',-111.0],PARAMETER['Scale_Factor',0.9996],PARAMETER['Latitude_Of_Origin',0.0],UNIT['Meter',1.0]]</Process><Process ToolSource="C:\Program Files\ArcGIS\ArcToolbox\Toolboxes\Data Management Tools.tbx\Project" Date="20100601" Time="140956">Project "M:\degayner_projects\Server Working Files\CHIR\CHIR0210\FinalizedData\CHIR\Data\Facility_Management\Transportation\CHIRParkRoads\ChirRoads.shp" "M:\degayner_projects\Server Working Files\CHIR\CHIR0210\CHIR_SCRATCH.gdb\ChirRoads" GEOGCS['GCS_WGS_1984',DATUM['D_WGS_1984',SPHEROID['WGS_1984',6378137.0,298.257223563]],PRIMEM['Greenwich',0.0],UNIT['Degree',0.0174532925199433]] NAD_1983_To_WGS_1984_5 PROJCS['NAD_1983_UTM_Zone_12N',GEOGCS['GCS_North_American_1983',DATUM['D_North_American_1983',SPHEROID['GRS_1980',6378137.0,298.257222101]],PRIMEM['Greenwich',0.0],UNIT['Degree',0.0174532925199433]],PROJECTION['Transverse_Mercator'],PARAMETER['False_Easting',500000.0],PARAMETER['False_Northing',0.0],PARAMETER['Central_Meridian',-111.0],PARAMETER['Scale_Factor',0.9996],PARAMETER['Latitude_Of_Origin',0.0],UNIT['Meter',1.0]]</Process><Process ToolSource="C:\ArcGIS\ArcToolbox\Toolboxes\Data Management Tools.tbx\Project" Date="20100609" Time="115349">Project "Database Connections\CHIR.sde\CHIR.DBO.CHIR_Trans_Roads" R:\InternalStagingArea\ArcServerData\CHIR.gdb\CHIR_DBO_CHIR_Trans_Roads PROJCS['WGS_1984_Web_Mercator_Auxiliary_Sphere',GEOGCS['GCS_WGS_1984',DATUM['D_WGS_1984',SPHEROID['WGS_1984',6378137.0,298.257223563]],PRIMEM['Greenwich',0.0],UNIT['Degree',0.0174532925199433]],PROJECTION['Mercator_Auxiliary_Sphere'],PARAMETER['False_Easting',0.0],PARAMETER['False_Northing',0.0],PARAMETER['Central_Meridian',0.0],PARAMETER['Standard_Parallel_1',0.0],PARAMETER['Auxiliary_Sphere_Type',0.0],UNIT['Meter',1.0]] # GEOGCS['GCS_WGS_1984',DATUM['D_WGS_1984',SPHEROID['WGS_1984',6378137.0,298.257223563]],PRIMEM['Greenwich',0.0],UNIT['Degree',0.0174532925199433]]</Process><Process ToolSource="C:\Program Files\ArcGIS\Desktop10.0\ArcToolbox\Toolboxes\Data Management Tools.tbx\CopyFeatures" Date="20101028" Time="141806">CopyFeatures "Database Connections\CHIR_Old.sde\CHIR.DBO.CHIR_Trans_Roads" "Database Connections\CHIR.sde\CHIR_SDE.GIS.CHIR_Trans_Roads" # 0 0 0</Process><Process ToolSource="C:\Program Files (x86)\ArcGIS\Desktop10.0\ArcToolbox\Toolboxes\Data Management Tools.tbx\Project" Date="20110616" Time="160853">Project "Database Connections\CHIR_SDE.sde\CHIR_SDE.GIS.CHIR_Trans_Roads" "M:\degayner_projects\SDE Backup\CHIR_Projected_06162011.gdb\CHIR_Trans_Roads" PROJCS['NAD_1983_UTM_Zone_12N',GEOGCS['GCS_North_American_1983',DATUM['D_North_American_1983',SPHEROID['GRS_1980',6378137.0,298.257222101]],PRIMEM['Greenwich',0.0],UNIT['Degree',0.0174532925199433]],PROJECTION['Transverse_Mercator'],PARAMETER['False_Easting',500000.0],PARAMETER['False_Northing',0.0],PARAMETER['Central_Meridian',-111.0],PARAMETER['Scale_Factor',0.9996],PARAMETER['Latitude_Of_Origin',0.0],UNIT['Meter',1.0]] NAD_1983_To_WGS_1984_5 PROJCS['WGS_1984_Web_Mercator_Auxiliary_Sphere',GEOGCS['GCS_WGS_1984',DATUM['D_WGS_1984',SPHEROID['WGS_1984',6378137.0,298.257223563]],PRIMEM['Greenwich',0.0],UNIT['Degree',0.0174532925199433]],PROJECTION['Mercator_Auxiliary_Sphere'],PARAMETER['False_Easting',0.0],PARAMETER['False_Northing',0.0],PARAMETER['Central_Meridian',0.0],PARAMETER['Standard_Parallel_1',0.0],PARAMETER['Auxiliary_Sphere_Type',0.0],UNIT['Meter',1.0]]</Process><Process ToolSource="C:\Program Files (x86)\ArcGIS\Desktop10.0\ArcToolbox\Toolboxes\Data Management Tools.tbx\CopyFeatures" Date="20110620" Time="180036">CopyFeatures "M:\degayner_projects\SDE Backup\CHIR_Projected_Renamed_06162011.gdb\CHIR_TRANS_Road" "Database Connections\CHIR_SDE.sde\CHIR_SDE.GIS.CHIR_TRANS_Road" # 0 0 0</Process><Process ToolSource="c:\program files (x86)\arcgis pro\Resources\ArcToolbox\toolboxes\Data Management Tools.tbx\CopyFeatures" Date="20200110" Time="204031">CopyFeatures I:\SODN\Geodatabase\SODN_Base.gdb\CHIR_TRANS_Roads_Near_Park "C:\Users\Alex\Dropbox\Privat\University of Arizona\THESIS\ArcGIS Pro\MyProject\SODN_Data.gdb\CHIR\CHIR_TRANS_Roads_Near_Park" # # # #</Process><Process ToolSource="c:\program files (x86)\arcgis pro\Resources\ArcToolbox\toolboxes\Data Management Tools.tbx\Rename" Date="20200110" Time="204122">Rename "C:\Users\Alex\Dropbox\Privat\University of Arizona\THESIS\ArcGIS Pro\MyProject\SODN_Data.gdb\CHIR\CHIR_TRANS_Roads_Near_Park" "C:\Users\Alex\Dropbox\Privat\University of Arizona\THESIS\ArcGIS Pro\MyProject\SODN_Data.gdb\CHIR\CHIR_Roads_near" FeatureClass</Process><Process ToolSource="c:\program files (x86)\arcgis pro\Resources\ArcToolbox\toolboxes\Analysis Tools.tbx\Clip" Date="20200423" Time="164311">Clip CHIR_Roads CHIR_Boundary "C:\Users\Alex\Dropbox\Privat\University of Arizona\THESIS\ArcGIS Pro\MyProject\SODN_Data.gdb\CHIR\CHIR_Roads_Park" #</Process><Process ToolSource="c:\program files (x86)\arcgis pro\Resources\ArcToolbox\toolboxes\Data Management Tools.tbx\CopyFeatures" Date="20200505" Time="095947">CopyFeatures CHIR_Roads_Park "C:\Users\Alex\Dropbox\Privat\University of Arizona\SEM4_RNR 620 Working with R\Assignment_5\Shapefiles\CHIR_Roads_Park.shp" # # # #</Process></lineage><itemProps><itemName Sync="TRUE">CHIR_Roads_Park</itemName><imsContentType Sync="TRUE">002</imsContentType><itemLocation><linkage Sync="TRUE">file://\\DESKTOP-DA6K1CI\C$\Users\Alex\Dropbox\Privat\University of Arizona\SEM4_RNR 620 Working with R\Assignment_5\Shapefiles\CHIR_Roads_Park.shp</linkage><protocol Sync="TRUE">Local Area Network</protocol></itemLocation><itemSize Sync="TRUE">0.000</itemSize></itemProps><coordRef><type Sync="TRUE">Projected</type><geogcsn Sync="TRUE">GCS_WGS_1984</geogcsn><projcsn Sync="TRUE">WGS_1984_Web_Mercator_Auxiliary_Sphere</projcsn><peXml Sync="TRUE">&lt;ProjectedCoordinateSystem xsi:type='typens:ProjectedCoordinateSystem' xmlns:xsi='http://www.w3.org/2001/XMLSchema-instance' xmlns:xs='http://www.w3.org/2001/XMLSchema' xmlns:typens='http://www.esri.com/schemas/ArcGIS/2.4.0'&gt;&lt;WKT&gt;PROJCS[&amp;quot;WGS_1984_Web_Mercator_Auxiliary_Sphere&amp;quot;,GEOGCS[&amp;quot;GCS_WGS_1984&amp;quot;,DATUM[&amp;quot;D_WGS_1984&amp;quot;,SPHEROID[&amp;quot;WGS_1984&amp;quot;,6378137.0,298.257223563]],PRIMEM[&amp;quot;Greenwich&amp;quot;,0.0],UNIT[&amp;quot;Degree&amp;quot;,0.0174532925199433]],PROJECTION[&amp;quot;Mercator_Auxiliary_Sphere&amp;quot;],PARAMETER[&amp;quot;False_Easting&amp;quot;,0.0],PARAMETER[&amp;quot;False_Northing&amp;quot;,0.0],PARAMETER[&amp;quot;Central_Meridian&amp;quot;,0.0],PARAMETER[&amp;quot;Standard_Parallel_1&amp;quot;,0.0],PARAMETER[&amp;quot;Auxiliary_Sphere_Type&amp;quot;,0.0],UNIT[&amp;quot;Meter&amp;quot;,1.0],AUTHORITY[&amp;quot;EPSG&amp;quot;,3857]]&lt;/WKT&gt;&lt;XOrigin&gt;-20037700&lt;/XOrigin&gt;&lt;YOrigin&gt;-30241100&lt;/YOrigin&gt;&lt;XYScale&gt;148923141.92838538&lt;/XYScale&gt;&lt;ZOrigin&gt;-100000&lt;/ZOrigin&gt;&lt;ZScale&gt;10000&lt;/ZScale&gt;&lt;MOrigin&gt;-100000&lt;/MOrigin&gt;&lt;MScale&gt;10000&lt;/MScale&gt;&lt;XYTolerance&gt;0.001&lt;/XYTolerance&gt;&lt;ZTolerance&gt;0.001&lt;/ZTolerance&gt;&lt;MTolerance&gt;0.001&lt;/MTolerance&gt;&lt;HighPrecision&gt;true&lt;/HighPrecision&gt;&lt;WKID&gt;102100&lt;/WKID&gt;&lt;LatestWKID&gt;3857&lt;/LatestWKID&gt;&lt;/ProjectedCoordinateSystem&gt;</peXml><csUnits Sync="TRUE">Linear Unit: Meter (1.000000)</csUnits></coordRef></DataProperties><ArcGISFormat>1.0</ArcGISFormat><ArcGISstyle>FGDC CSDGM Metadata</ArcGISstyle></Esri><dataIdInfo><envirDesc Sync="TRUE">Microsoft Windows 10 Version 10.0 (Build 18363) ; Esri ArcGIS 12.4.0.19948</envirDesc><dataLang><languageCode Sync="TRUE" value="eng" country="USA"/><countryCode value="USA" Sync="TRUE"></countryCode></dataLang><idCitation><resTitle Sync="TRUE">CHIR_Roads_Park</resTitle><presForm><PresFormCd Sync="TRUE" value="005"/></presForm></idCitation><spatRpType><SpatRepTypCd Sync="TRUE" value="001"/></spatRpType><dataExt><geoEle><GeoBndBox esriExtentType="native"><westBL Sync="TRUE">-12177969.8833</westBL><eastBL Sync="TRUE">-12166120.8758</eastBL><northBL Sync="TRUE">3772178.4722</northBL><southBL Sync="TRUE">3758875.8898</southBL><exTypeCode Sync="TRUE">1</exTypeCode></GeoBndBox></geoEle></dataExt><geoBox esriExtentType="decdegrees"><westBL Sync="TRUE">-109.396565</westBL><eastBL Sync="TRUE">-109.290123</eastBL><northBL Sync="TRUE">32.067532</northBL><southBL Sync="TRUE">31.966209</southBL><exTypeCode Sync="TRUE">1</exTypeCode></geoBox><descKeys><thesaName uuidref="723f6998-058e-11dc-8314-0800200c9a66"/><keyword Sync="TRUE">002</keyword></descKeys></dataIdInfo><mdLang><languageCode Sync="TRUE" value="eng"/><countryCode value="USA" Sync="TRUE"></countryCode></mdLang><mdStanName Sync="TRUE">ISO 19115 Geographic Information - Metadata</mdStanName><mdStanVer Sync="TRUE">DIS_ESRI1.0</mdStanVer><mdChar><CharSetCd Sync="TRUE" value="004"/></mdChar><mdHrLv><ScopeCd Sync="TRUE" value="005"/></mdHrLv><mdHrLvName Sync="TRUE">dataset</mdHrLvName><distInfo><distributor><distorTran><onLineSrc><orDesc Sync="TRUE">002</orDesc><linkage Sync="TRUE">Server=165.83.20.156; Service=SDE:sqlserver:inpimdesgis; Database=CHIR; Version=dbo.DEFAULT</linkage><protocol Sync="TRUE">ArcSDE Connection</protocol></onLineSrc><transSize Sync="TRUE">0.028</transSize></distorTran><distorFormat><formatName Sync="TRUE">SDE Feature Class</formatName></distorFormat></distributor><distFormat><formatName Sync="TRUE">Shapefile</formatName></distFormat><distTranOps><transSize Sync="TRUE">0.000</transSize></distTranOps></distInfo><spatRepInfo><VectSpatRep><geometObjs Name="CHIR_Roads_Park"><geoObjTyp><GeoObjTypCd value="002" Sync="TRUE"></GeoObjTypCd></geoObjTyp><geoObjCnt Sync="TRUE">0</geoObjCnt></geometObjs><topLvl><TopoLevCd value="001" Sync="TRUE"></TopoLevCd></topLvl></VectSpatRep></spatRepInfo><mdDateSt Sync="TRUE">20200505</mdDateSt><refSysInfo><RefSystem><refSysID><identCode Sync="TRUE" code="3857">WGS_1984_Web_Mercator_Auxiliary_Sphere</identCode><idCodeSpace Sync="TRUE">EPSG</idCodeSpace><idVersion Sync="TRUE">8.8(9.3.1.2)</idVersion></refSysID></RefSystem></refSysInfo></metadata>
